ID_Venta,Producto,Cantidad,Precio,Fecha_Venta,Region
1,Teclado,8,75,2024-07-22,Sureste
2,Router,4,100,2024-07-10,Norte
3,Microfono,6,80,2025-01-17,Sureste
4,Impresora,4,250,2025-01-17,Este
5,Auriculares,9,60,2024-09-15,Sureste
6,Mouse,8,25,2024-07-09,Norte
7,USB,3,15,2025-01-28,Sur
8,Router,1,100,2024-12-22,Sureste
9,Laptop,8,1200,2025-04-10,Noroeste
10,USB,4,15,2024-08-12,Oeste
11,Impresora,2,250,2025-01-12,Centro
12,Altavoces,7,120,2024-12-15,Norte
13,Teclado,3,75,2024-11-24,Norte
14,Microfono,9,80,2024-07-05,Noroeste
15,Laptop,1,1200,2024-12-01,Centro
16,Disco Duro,5,150,2024-10-10,Sureste
17,Disco Duro,9,150,2024-11-23,Norte
18,Teclado,9,75,2024-11-04,Sureste
19,Auriculares,9,60,2024-06-04,Oeste
20,Microfono,5,80,2024-08-23,Centro
21,Webcam,1,50,2025-02-18,Noroeste
22,Webcam,3,50,2025-03-03,Sur
23,Router,2,100,2024-07-18,Noroeste
24,Teclado,4,75,2025-04-30,Norte
25,Webcam,4,50,2024-12-17,Noroeste
26,Monitor,5,300,2024-12-15,Noroeste
27,Router,6,100,2024-08-24,Sur
28,Disco Duro,9,150,2024-05-24,Sur
29,USB,8,15,2024-11-19,Este
30,Altavoces,8,120,2024-10-19,Sur
31,Webcam,9,50,2024-05-29,Oeste
32,Impresora,3,250,2024-07-19,Oeste
33,Disco Duro,5,150,2025-03-06,Sur
34,Teclado,9,75,2024-12-26,Sureste
35,Webcam,9,50,2024-06-11,Este
36,Router,9,100,2025-03-01,Noroeste
37,Impresora,2,250,2024-07-11,Noroeste
38,Microfono,7,80,2025-03-14,Sur
39,Mouse,3,25,2024-08-01,Oeste
40,Impresora,5,250,2024-07-29,Sureste
41,Microfono,1,80,2024-05-07,Centro
42,Auriculares,4,60,2024-07-09,Centro
43,Mouse,3,25,2024-08-22,Sureste
44,Router,1,100,2024-08-10,Este
45,Altavoces,9,120,2025-04-01,Sureste
46,Auriculares,8,60,2025-03-06,Centro
47,Microfono,4,80,2024-06-14,Sureste
48,Auriculares,4,60,2024-07-12,Oeste
49,Microfono,6,80,2024-07-26,Sur
50,Microfono,7,80,2024-11-07,Norte
51,Impresora,1,250,2024-09-14,Sur
52,Monitor,9,300,2024-08-20,Sureste
53,Microfono,2,80,2025-01-29,Sureste
54,Auriculares,5,60,2024-05-07,Sureste
55,Laptop,1,1200,2024-12-19,Noroeste
56,Impresora,10,250,2024-08-09,Centro
57,Monitor,3,300,2024-07-07,Sureste
58,Disco Duro,5,150,2024-09-11,Oeste
59,Teclado,8,75,2024-12-16,Este
60,Impresora,9,250,2024-10-07,Norte
61,Altavoces,5,120,2024-06-02,Norte
62,Microfono,10,80,2025-04-22,Este
63,Disco Duro,1,150,2024-07-24,Sureste
64,Monitor,2,300,2024-07-15,Centro
65,Router,9,100,2024-06-11,Centro
66,Mouse,5,25,2025-04-23,Noroeste
67,Disco Duro,7,150,2025-04-19,Centro
68,Teclado,7,75,2025-02-27,Sur
69,Impresora,1,250,2025-03-13,Norte
70,Mouse,4,25,2024-07-24,Este
71,Microfono,9,80,2024-08-10,Norte
72,Impresora,4,250,2024-11-10,Oeste
73,Teclado,2,75,2024-12-05,Este
74,Router,9,100,2025-04-04,Sur
75,Microfono,2,80,2024-09-09,Sureste
76,Monitor,1,300,2025-02-04,Centro
77,Router,5,100,2024-08-04,Sur
78,USB,6,15,2024-11-05,Norte
79,Altavoces,1,120,2024-05-12,Oeste
80,Auriculares,1,60,2024-11-17,Sureste
81,Mouse,4,25,2024-07-17,Sureste
82,Altavoces,10,120,2025-02-22,Sur
83,Monitor,10,300,2025-01-03,Sur
84,Router,6,100,2025-02-18,Este
85,Laptop,8,1200,2024-11-11,Oeste
86,Webcam,1,50,2025-03-29,Norte
87,Altavoces,7,120,2024-11-23,Oeste
88,Router,7,100,2024-07-30,Sur
89,Impresora,4,250,2025-03-22,Norte
90,Auriculares,4,60,2024-05-03,Noroeste
91,Microfono,4,80,2025-02-28,Noroeste
92,Auriculares,3,60,2024-06-24,Sureste
93,Webcam,6,50,2024-06-27,Este
94,Router,4,100,2024-12-12,Centro
95,Microfono,6,80,2025-04-21,Centro
96,Mouse,4,25,2025-04-17,Oeste
97,Auriculares,2,60,2025-02-12,Norte
98,Impresora,9,250,2024-11-10,Noroeste
99,Webcam,6,50,2025-02-26,Norte
100,Disco Duro,9,150,2025-04-02,Centro
101,Teclado,7,75,2024-10-13,Sur
102,Webcam,8,50,2025-04-22,Centro
103,USB,2,15,2024-09-07,Este
104,Monitor,4,300,2024-11-24,Noroeste
105,Router,4,100,2025-03-22,Sureste
106,Laptop,7,1200,2025-03-15,Este
107,Altavoces,8,120,2024-08-13,Noroeste
108,Monitor,1,300,2024-09-24,Norte
109,USB,5,15,2024-07-31,Este
110,Disco Duro,5,150,2024-12-14,Noroeste
111,Webcam,5,50,2025-02-10,Centro
112,USB,3,15,2024-11-16,Este
113,Disco Duro,2,150,2025-04-23,Sureste
114,Auriculares,7,60,2025-01-17,Sureste
115,Altavoces,7,120,2025-01-07,Oeste
116,Microfono,3,80,2024-07-28,Este
117,Router,4,100,2024-08-20,Noroeste
118,Microfono,6,80,2025-01-25,Noroeste
119,Altavoces,1,120,2024-11-04,Sureste
120,Monitor,10,300,2025-03-09,Noroeste
121,Disco Duro,2,150,2024-11-21,Centro
122,USB,9,15,2024-11-28,Sur
123,Auriculares,5,60,2024-05-13,Noroeste
124,Monitor,8,300,2025-05-01,Oeste
125,Impresora,5,250,2024-07-05,Sur
126,Microfono,10,80,2024-10-31,Noroeste
127,Monitor,8,300,2025-02-01,Sur
128,Auriculares,6,60,2024-10-16,Norte
129,Auriculares,7,60,2024-11-15,Centro
130,USB,6,15,2025-01-16,Este
131,Microfono,5,80,2025-04-02,Este
132,Monitor,4,300,2024-11-24,Oeste
133,Disco Duro,5,150,2024-05-17,Sureste
134,Monitor,2,300,2024-12-30,Centro
135,Auriculares,9,60,2024-05-08,Centro
136,USB,2,15,2024-06-09,Oeste
137,Webcam,9,50,2024-07-25,Oeste
138,Laptop,2,1200,2025-02-22,Sureste
139,Webcam,7,50,2024-09-22,Norte
140,Laptop,6,1200,2024-09-02,Este
141,Mouse,7,25,2025-02-13,Sureste
142,Laptop,10,1200,2024-05-23,Oeste
143,Impresora,1,250,2024-12-21,Oeste
144,Router,4,100,2024-05-06,Sur
145,Impresora,10,250,2024-12-29,Sur
146,Teclado,6,75,2024-06-26,Norte
147,Monitor,7,300,2025-04-30,Norte
148,Laptop,6,1200,2024-09-19,Sur
149,Microfono,4,80,2024-06-18,Sureste
150,Monitor,9,300,2024-05-31,Noroeste
151,Monitor,7,300,2024-05-09,Norte
152,Laptop,8,1200,2024-05-28,Noroeste
153,USB,4,15,2024-06-12,Oeste
154,Webcam,4,50,2025-05-01,Sur
155,Auriculares,5,60,2025-03-16,Sur
156,Laptop,5,1200,2024-12-15,Centro
157,Webcam,9,50,2024-11-09,Este
158,Auriculares,2,60,2025-04-29,Noroeste
159,USB,1,15,2025-04-07,Oeste
160,USB,9,15,2025-04-10,Norte
161,Impresora,3,250,2024-09-27,Sur
162,Impresora,10,250,2025-01-31,Este
163,Monitor,4,300,2025-01-24,Centro
164,Mouse,6,25,2024-06-17,Norte
165,Mouse,7,25,2025-01-13,Sur
166,Monitor,6,300,2025-01-07,Oeste
167,Microfono,1,80,2024-12-18,Sureste
168,Teclado,1,75,2024-12-18,Noroeste
169,Altavoces,7,120,2024-05-19,Este
170,Laptop,5,1200,2024-05-18,Oeste
171,Auriculares,2,60,2025-04-25,Oeste
172,Teclado,9,75,2025-02-03,Noroeste
173,Laptop,3,1200,2025-01-14,Este
174,Monitor,4,300,2024-11-04,Noroeste
175,Laptop,5,1200,2024-10-24,Sureste
176,Altavoces,9,120,2025-04-18,Noroeste
177,Auriculares,3,60,2024-08-20,Sureste
178,Router,2,100,2025-01-17,Oeste
179,Auriculares,8,60,2024-11-11,Este
180,Disco Duro,3,150,2024-06-28,Este
181,Altavoces,9,120,2024-09-11,Norte
182,Impresora,4,250,2024-06-24,Noroeste
183,Monitor,10,300,2024-12-29,Noroeste
184,Laptop,10,1200,2024-06-28,Centro
185,Impresora,8,250,2025-01-27,Centro
186,Auriculares,7,60,2025-04-21,Oeste
187,Router,1,100,2025-01-07,Norte
188,Altavoces,7,120,2024-08-05,Noroeste
189,Disco Duro,5,150,2024-12-23,Centro
190,Laptop,6,1200,2024-06-28,Centro
191,Disco Duro,10,150,2024-05-17,Este
192,Disco Duro,6,150,2024-09-12,Sureste
193,Webcam,3,50,2024-08-17,Centro
194,Disco Duro,4,150,2024-09-30,Oeste
195,Router,3,100,2024-09-08,Sur
196,Microfono,9,80,2025-03-31,Este
197,USB,10,15,2024-06-17,Norte
198,Laptop,3,1200,2024-09-26,Oeste
199,Auriculares,7,60,2024-12-26,Sur
200,Monitor,6,300,2024-07-07,Sureste
201,Webcam,6,50,2025-04-28,Sur
202,Router,6,100,2024-12-02,Este
203,Impresora,5,250,2025-01-23,Centro
204,Auriculares,4,60,2024-12-22,Norte
205,Microfono,5,80,2024-10-07,Sur
206,Laptop,7,1200,2024-06-28,Centro
207,Webcam,1,50,2024-10-30,Noroeste
208,Mouse,3,25,2024-12-09,Sur
209,Teclado,4,75,2025-03-21,Oeste
210,Monitor,7,300,2024-09-21,Este
211,Router,7,100,2025-01-01,Oeste
212,Webcam,8,50,2025-01-10,Centro
213,USB,10,15,2024-10-12,Este
214,Auriculares,5,60,2024-12-01,Centro
215,Webcam,1,50,2024-05-26,Este
216,Microfono,9,80,2025-04-08,Centro
217,Laptop,8,1200,2025-02-04,Oeste
218,Auriculares,3,60,2024-09-06,Sureste
219,Monitor,2,300,2024-12-13,Sureste
220,Router,10,100,2024-05-06,Sur
221,Webcam,4,50,2024-07-27,Noroeste
222,Microfono,3,80,2024-08-12,Este
223,Disco Duro,5,150,2024-08-05,Norte
224,Router,1,100,2024-08-04,Noroeste
225,Teclado,3,75,2025-02-23,Este
226,Mouse,9,25,2025-01-28,Sur
227,USB,2,15,2025-01-01,Centro
228,Mouse,2,25,2024-05-16,Este
229,Auriculares,10,60,2025-02-23,Norte
230,Teclado,9,75,2024-10-03,Este
231,Webcam,8,50,2025-01-24,Sureste
232,Impresora,5,250,2025-04-27,Noroeste
233,Disco Duro,1,150,2025-02-15,Sureste
234,Laptop,8,1200,2024-05-18,Este
235,Monitor,2,300,2024-08-01,Oeste
236,Router,6,100,2024-10-16,Este
237,Auriculares,4,60,2024-10-25,Noroeste
238,Mouse,8,25,2024-08-18,Norte
239,Impresora,8,250,2024-09-25,Sureste
240,Monitor,4,300,2024-07-19,Centro
241,Router,5,100,2024-12-17,Centro
242,USB,5,15,2024-09-17,Norte
243,Teclado,9,75,2024-07-03,Oeste
244,Monitor,6,300,2024-06-10,Noroeste
245,Auriculares,1,60,2025-01-10,Noroeste
246,Altavoces,10,120,2025-01-30,Centro
247,USB,5,15,2024-05-15,Sur
248,Microfono,6,80,2025-03-16,Sur
249,USB,1,15,2024-09-19,Sureste
250,Webcam,2,50,2024-10-09,Sureste
251,Teclado,2,75,2025-04-28,Centro
252,Altavoces,4,120,2024-07-17,Oeste
253,Monitor,7,300,2024-05-15,Sur
254,Microfono,5,80,2024-09-12,Sur
255,Laptop,4,1200,2025-02-07,Oeste
256,Teclado,7,75,2024-10-19,Noroeste
257,Auriculares,7,60,2024-07-20,Noroeste
258,Teclado,8,75,2025-04-25,Noroeste
259,Mouse,6,25,2024-10-25,Noroeste
260,Altavoces,9,120,2025-01-15,Sureste
261,Teclado,5,75,2025-01-09,Este
262,Mouse,6,25,2024-07-18,Sureste
263,Impresora,4,250,2024-06-03,Este
264,Laptop,2,1200,2024-12-08,Centro
265,Webcam,6,50,2024-07-29,Noroeste
266,Disco Duro,2,150,2024-11-23,Oeste
267,Altavoces,10,120,2024-07-25,Sur
268,Disco Duro,4,150,2024-10-15,Sureste
269,Altavoces,9,120,2025-03-24,Centro
270,Impresora,2,250,2024-06-17,Este
271,Teclado,4,75,2024-10-25,Sureste
272,Impresora,10,250,2025-02-15,Centro
273,Altavoces,10,120,2024-07-27,Oeste
274,Monitor,10,300,2024-08-04,Este
275,Monitor,6,300,2025-02-09,Centro
276,USB,3,15,2025-02-06,Oeste
277,Disco Duro,1,150,2024-09-18,Sureste
278,Router,4,100,2025-02-12,Sur
279,Impresora,3,250,2025-01-01,Sur
280,Auriculares,6,60,2025-02-01,Este
281,USB,3,15,2024-08-03,Centro
282,Altavoces,10,120,2024-08-18,Noroeste
283,Microfono,8,80,2024-12-12,Centro
284,Monitor,7,300,2024-10-29,Sureste
285,Microfono,6,80,2024-09-29,Sureste
286,Auriculares,7,60,2024-12-18,Sur
287,Router,3,100,2024-12-29,Sur
288,Altavoces,7,120,2024-12-20,Sur
289,Altavoces,10,120,2024-09-14,Centro
290,Auriculares,4,60,2025-02-03,Sureste
291,Monitor,8,300,2024-11-11,Oeste
292,Impresora,4,250,2025-03-06,Sur
293,Impresora,3,250,2025-04-28,Centro
294,Webcam,1,50,2024-09-15,Oeste
295,Mouse,3,25,2024-06-09,Oeste
296,Teclado,4,75,2025-02-15,Norte
297,Teclado,6,75,2024-06-28,Oeste
298,Monitor,6,300,2024-07-03,Oeste
299,Webcam,2,50,2024-08-22,Centro
300,Mouse,7,25,2024-11-11,Norte
301,Microfono,7,80,2025-01-16,Centro
302,Impresora,9,250,2024-09-14,Sur
303,Disco Duro,2,150,2024-10-04,Centro
304,Laptop,4,1200,2025-04-05,Sureste
305,Auriculares,2,60,2024-10-20,Oeste
306,Auriculares,3,60,2024-09-19,Sur
307,Mouse,6,25,2024-08-12,Norte
308,Disco Duro,5,150,2024-08-05,Sureste
309,Webcam,6,50,2024-12-09,Este
310,Impresora,3,250,2025-02-07,Sur
311,Teclado,4,75,2024-09-11,Sur
312,Router,7,100,2024-11-16,Norte
313,Router,8,100,2024-07-02,Noroeste
314,Impresora,1,250,2024-10-21,Centro
315,Laptop,4,1200,2024-09-26,Noroeste
316,Webcam,5,50,2024-12-05,Centro
317,Altavoces,10,120,2025-03-02,Este
318,Mouse,8,25,2024-08-28,Norte
319,Impresora,7,250,2024-09-06,Centro
320,Auriculares,3,60,2024-07-17,Noroeste
321,Auriculares,9,60,2025-04-09,Este
322,Mouse,8,25,2024-06-22,Centro
323,Webcam,2,50,2024-07-22,Norte
324,Teclado,10,75,2024-12-07,Centro
325,Disco Duro,6,150,2024-10-03,Norte
326,Laptop,8,1200,2024-10-22,Este
327,Microfono,10,80,2024-07-24,Noroeste
328,Mouse,4,25,2025-04-20,Sur
329,Mouse,10,25,2024-09-16,Sureste
330,Teclado,6,75,2024-12-18,Centro
331,Auriculares,1,60,2024-05-28,Sureste
332,Altavoces,6,120,2024-06-13,Noroeste
333,Altavoces,4,120,2025-02-07,Oeste
334,Mouse,3,25,2024-12-05,Norte
335,Laptop,10,1200,2025-02-19,Sur
336,Mouse,10,25,2025-01-31,Norte
337,Microfono,3,80,2024-11-19,Noroeste
338,Disco Duro,7,150,2025-03-19,Norte
339,Laptop,7,1200,2024-12-16,Norte
340,Webcam,4,50,2024-06-03,Sur
341,Monitor,6,300,2024-08-23,Norte
342,Auriculares,3,60,2025-02-23,Sureste
343,Router,1,100,2024-09-03,Centro
344,Router,3,100,2024-12-14,Oeste
345,Monitor,1,300,2025-01-01,Este
346,Teclado,10,75,2025-02-26,Noroeste
347,Impresora,6,250,2024-06-19,Sur
348,Teclado,1,75,2024-09-06,Sureste
349,Router,8,100,2025-04-30,Norte
350,Microfono,1,80,2025-03-22,Este
351,Mouse,1,25,2024-07-17,Centro
352,Monitor,7,300,2024-06-04,Este
353,Disco Duro,8,150,2024-07-20,Sur
354,Teclado,1,75,2024-05-15,Centro
355,Laptop,10,1200,2025-02-19,Oeste
356,Mouse,4,25,2024-05-25,Sur
357,Teclado,1,75,2024-11-03,Sureste
358,Altavoces,6,120,2024-09-27,Sur
359,USB,10,15,2024-11-15,Oeste
360,Webcam,5,50,2024-07-20,Sureste
361,Teclado,5,75,2025-04-17,Oeste
362,Auriculares,8,60,2024-07-25,Sureste
363,Monitor,9,300,2024-12-18,Oeste
364,Disco Duro,5,150,2024-11-23,Sur
365,Auriculares,8,60,2024-12-06,Centro
366,Auriculares,7,60,2025-04-17,Oeste
367,Impresora,6,250,2025-04-18,Noroeste
368,Webcam,10,50,2024-06-17,Este
369,Router,10,100,2025-04-18,Sur
370,Microfono,5,80,2025-05-02,Sur
371,Altavoces,8,120,2025-01-25,Este
372,Altavoces,10,120,2025-02-17,Sureste
373,Altavoces,2,120,2025-05-01,Norte
374,Disco Duro,3,150,2024-09-25,Este
375,Auriculares,7,60,2024-05-23,Centro
376,Teclado,5,75,2025-04-27,Oeste
377,Webcam,8,50,2024-09-01,Este
378,Impresora,2,250,2025-01-15,Sur
379,Microfono,2,80,2024-05-03,Sur
380,Disco Duro,9,150,2025-02-15,Este
381,Teclado,3,75,2024-08-16,Noroeste
382,Webcam,1,50,2025-01-04,Sur
383,USB,4,15,2024-12-31,Sur
384,USB,9,15,2024-06-05,Noroeste
385,Disco Duro,4,150,2025-02-17,Este
386,Mouse,4,25,2025-01-23,Norte
387,Monitor,1,300,2024-10-15,Oeste
388,Teclado,4,75,2024-07-15,Centro
389,Laptop,9,1200,2025-03-07,Este
390,Altavoces,3,120,2025-01-27,Este
391,Router,5,100,2024-05-03,Norte
392,Auriculares,6,60,2025-01-23,Centro
393,Webcam,1,50,2025-02-21,Oeste
394,Laptop,6,1200,2025-02-21,Oeste
395,Laptop,10,1200,2025-01-31,Sureste
396,Microfono,3,80,2024-07-03,Oeste
397,Router,9,100,2024-12-20,Este
398,USB,1,15,2025-02-12,Noroeste
399,Webcam,8,50,2024-09-19,Oeste
400,Microfono,9,80,2025-04-06,Norte
401,Monitor,4,300,2025-01-03,Sur
402,Mouse,8,25,2024-05-21,Oeste
403,Webcam,7,50,2024-12-13,Centro
404,Teclado,8,75,2024-07-20,Norte
405,Microfono,3,80,2024-06-22,Oeste
406,Teclado,1,75,2025-03-13,Norte
407,Impresora,2,250,2024-08-20,Este
408,Monitor,1,300,2024-12-19,Este
409,Disco Duro,7,150,2025-03-23,Centro
410,Monitor,4,300,2025-03-14,Centro
411,Router,9,100,2024-05-13,Este
412,Auriculares,4,60,2024-11-17,Este
413,Teclado,6,75,2025-03-26,Centro
414,Router,7,100,2025-03-30,Sureste
415,USB,1,15,2025-04-13,Centro
416,Disco Duro,10,150,2024-08-20,Oeste
417,Webcam,2,50,2025-03-04,Centro
418,USB,3,15,2024-08-22,Este
419,Impresora,10,250,2025-04-23,Este
420,Disco Duro,2,150,2025-04-16,Sur
421,Router,4,100,2025-04-22,Centro
422,Router,10,100,2025-04-04,Centro
423,Teclado,2,75,2024-09-26,Este
424,Impresora,5,250,2025-04-07,Sureste
425,Impresora,5,250,2024-05-30,Oeste
426,Impresora,8,250,2024-06-28,Noroeste
427,USB,9,15,2024-07-01,Sur
428,Teclado,3,75,2024-11-05,Sur
429,Impresora,2,250,2025-04-20,Este
430,Disco Duro,4,150,2024-08-22,Oeste
431,Impresora,7,250,2024-05-29,Sureste
432,Router,1,100,2024-09-01,Sur
433,Router,4,100,2025-03-27,Este
434,Disco Duro,6,150,2024-12-21,Sur
435,Webcam,8,50,2024-12-12,Sur
436,Impresora,1,250,2024-06-01,Oeste
437,Microfono,9,80,2024-10-25,Centro
438,Mouse,3,25,2024-08-12,Sureste
439,Mouse,8,25,2024-08-31,Este
440,Auriculares,9,60,2024-05-11,Oeste
441,Teclado,2,75,2025-01-30,Sureste
442,Monitor,1,300,2025-04-19,Centro
443,Teclado,1,75,2024-05-08,Sur
444,Webcam,2,50,2024-12-23,Oeste
445,Laptop,1,1200,2025-02-14,Centro
446,Teclado,6,75,2025-04-14,Noroeste
447,Monitor,5,300,2024-09-03,Sur
448,Altavoces,1,120,2024-11-19,Sureste
449,Webcam,6,50,2024-10-30,Norte
450,Mouse,2,25,2024-08-28,Centro
451,Impresora,2,250,2025-02-17,Norte
452,Webcam,7,50,2025-03-30,Centro
453,Router,10,100,2024-06-03,Centro
454,Router,6,100,2024-10-09,Centro
455,USB,3,15,2025-03-30,Oeste
456,Mouse,3,25,2024-08-13,Noroeste
457,Auriculares,9,60,2024-05-20,Sureste
458,Mouse,7,25,2025-04-25,Sureste
459,Auriculares,1,60,2024-08-02,Este
460,Laptop,8,1200,2025-03-13,Noroeste
461,Impresora,8,250,2025-04-09,Noroeste
462,Auriculares,7,60,2025-01-31,Noroeste
463,Monitor,8,300,2025-02-26,Sureste
464,USB,5,15,2024-05-07,Norte
465,Auriculares,1,60,2025-01-31,Oeste
466,Impresora,3,250,2024-06-13,Este
467,Impresora,7,250,2024-09-25,Este
468,Disco Duro,2,150,2025-03-12,Sureste
469,Altavoces,8,120,2024-08-07,Sur
470,Mouse,3,25,2024-05-24,Norte
471,Mouse,3,25,2025-04-18,Norte
472,Altavoces,2,120,2025-03-21,Oeste
473,Teclado,9,75,2024-11-19,Oeste
474,Auriculares,10,60,2024-05-06,Sur
475,Router,10,100,2025-01-18,Sureste
476,Monitor,3,300,2024-05-08,Oeste
477,Laptop,5,1200,2024-05-10,Norte
478,Router,8,100,2024-07-10,Oeste
479,Mouse,9,25,2024-12-31,Noroeste
480,Altavoces,4,120,2024-06-07,Centro
481,USB,3,15,2025-04-08,Oeste
482,Microfono,1,80,2025-03-15,Noroeste
483,Altavoces,3,120,2025-01-08,Oeste
484,Auriculares,5,60,2025-01-01,Sureste
485,Auriculares,8,60,2025-01-28,Norte
486,Disco Duro,2,150,2025-03-21,Este
487,Webcam,8,50,2024-05-13,Este
488,Laptop,10,1200,2024-06-25,Noroeste
489,USB,7,15,2025-01-16,Centro
490,Altavoces,1,120,2024-07-02,Sureste
491,USB,7,15,2025-04-12,Oeste
492,Disco Duro,10,150,2024-05-15,Centro
493,Webcam,10,50,2024-12-27,Norte
494,Disco Duro,4,150,2025-04-20,Norte
495,USB,10,15,2024-11-23,Centro
496,Teclado,6,75,2024-10-17,Sur
497,Laptop,9,1200,2024-08-17,Norte
498,Laptop,2,1200,2025-03-31,Sureste
499,Auriculares,2,60,2025-01-01,Centro
500,Monitor,2,300,2024-05-17,Norte
501,Auriculares,2,60,2024-06-29,Sureste
502,Microfono,6,80,2025-01-18,Norte
503,Microfono,3,80,2024-12-19,Este
504,Altavoces,3,120,2024-09-18,Norte
505,Router,8,100,2024-09-21,Centro
506,Mouse,2,25,2025-03-12,Centro
507,Teclado,6,75,2024-12-04,Noroeste
508,Router,1,100,2025-03-01,Oeste
509,Microfono,2,80,2024-08-18,Sureste
510,USB,5,15,2024-09-21,Noroeste
511,Monitor,10,300,2024-09-20,Este
512,Disco Duro,10,150,2024-12-08,Centro
513,Laptop,1,1200,2024-11-05,Centro
514,Webcam,6,50,2025-05-02,Norte
515,Disco Duro,10,150,2024-05-20,Oeste
516,Webcam,8,50,2024-08-31,Sur
517,Mouse,9,25,2024-11-03,Norte
518,Monitor,3,300,2025-03-16,Norte
519,Webcam,6,50,2025-01-08,Norte
520,Microfono,6,80,2024-05-25,Sur
521,Teclado,9,75,2024-12-07,Norte
522,Auriculares,8,60,2025-01-18,Centro
523,Altavoces,5,120,2024-09-06,Noroeste
524,Teclado,1,75,2024-09-29,Oeste
525,Router,9,100,2025-02-14,Oeste
526,Impresora,3,250,2024-11-10,Sureste
527,Disco Duro,9,150,2024-08-23,Sur
528,Auriculares,4,60,2024-07-02,Oeste
529,Altavoces,4,120,2025-02-27,Sureste
530,Webcam,1,50,2024-10-31,Sur
531,Auriculares,10,60,2025-01-24,Oeste
532,Monitor,1,300,2025-02-05,Este
533,USB,2,15,2024-12-13,Este
534,Teclado,7,75,2024-09-13,Norte
535,Router,9,100,2024-06-15,Norte
536,USB,2,15,2025-03-03,Oeste
537,Monitor,8,300,2024-07-23,Oeste
538,Teclado,10,75,2024-07-15,Centro
539,Microfono,5,80,2025-04-22,Norte
540,Mouse,2,25,2025-04-24,Oeste
541,Mouse,5,25,2025-03-01,Sureste
542,Webcam,7,50,2024-06-15,Centro
543,Disco Duro,10,150,2025-02-07,Sureste
544,Teclado,8,75,2024-12-30,Oeste
545,Microfono,8,80,2025-04-30,Sur
546,Auriculares,3,60,2025-01-04,Oeste
547,Teclado,3,75,2025-02-08,Centro
548,Altavoces,3,120,2024-10-01,Centro
549,Laptop,7,1200,2024-08-17,Este
550,Mouse,4,25,2025-01-09,Sur
551,Auriculares,9,60,2025-02-09,Centro
552,Mouse,1,25,2024-09-27,Sureste
553,Disco Duro,5,150,2024-06-01,Norte
554,USB,10,15,2024-08-02,Sureste
555,Laptop,3,1200,2024-12-02,Norte
556,Router,10,100,2024-06-22,Oeste
557,Monitor,8,300,2024-12-29,Sur
558,Mouse,4,25,2025-01-06,Noroeste
559,Altavoces,5,120,2024-06-19,Este
560,Monitor,8,300,2025-04-11,Norte
561,USB,3,15,2024-11-20,Sur
562,Router,3,100,2024-11-19,Sureste
563,USB,7,15,2024-08-26,Oeste
564,Impresora,10,250,2024-12-26,Sureste
565,Teclado,6,75,2024-05-05,Centro
566,USB,5,15,2025-03-15,Noroeste
567,Teclado,2,75,2024-10-04,Oeste
568,Router,9,100,2024-09-28,Centro
569,Mouse,4,25,2025-02-20,Este
570,USB,8,15,2025-02-27,Noroeste
571,Auriculares,4,60,2025-02-09,Noroeste
572,Altavoces,6,120,2024-12-13,Noroeste
573,Laptop,1,1200,2024-12-25,Este
574,Laptop,2,1200,2024-08-30,Sur
575,Laptop,9,1200,2024-07-14,Norte
576,USB,10,15,2024-06-01,Sur
577,Laptop,5,1200,2025-03-02,Sureste
578,Laptop,10,1200,2024-12-19,Centro
579,Mouse,2,25,2024-07-12,Sur
580,Teclado,7,75,2025-02-04,Este
581,Laptop,4,1200,2024-05-06,Oeste
582,Microfono,1,80,2025-04-08,Norte
583,USB,1,15,2025-02-03,Este
584,Impresora,8,250,2024-12-13,Norte
585,Monitor,9,300,2024-11-05,Norte
586,Webcam,4,50,2024-07-28,Norte
587,Auriculares,9,60,2025-03-24,Este
588,Auriculares,4,60,2024-07-21,Sureste
589,Teclado,10,75,2024-08-01,Este
590,Router,3,100,2025-02-04,Noroeste
591,Monitor,1,300,2025-01-16,Norte
592,Microfono,4,80,2024-05-24,Centro
593,Altavoces,7,120,2025-04-17,Sureste
594,Impresora,9,250,2025-01-28,Centro
595,Router,7,100,2024-06-06,Norte
596,Impresora,5,250,2024-06-17,Sureste
597,Laptop,5,1200,2024-11-07,Noroeste
598,Microfono,3,80,2025-04-13,Este
599,Disco Duro,4,150,2025-02-07,Oeste
600,Mouse,3,25,2024-07-26,Noroeste
601,Webcam,10,50,2025-04-20,Oeste
602,Teclado,9,75,2024-08-27,Este
603,Laptop,6,1200,2025-02-04,Este
604,Impresora,1,250,2024-08-29,Oeste
605,Router,3,100,2024-12-11,Norte
606,Microfono,10,80,2025-04-05,Este
607,Disco Duro,2,150,2025-03-20,Norte
608,Webcam,7,50,2025-03-11,Sur
609,Impresora,4,250,2025-01-01,Norte
610,Teclado,7,75,2024-05-21,Noroeste
611,Router,7,100,2024-12-31,Centro
612,Auriculares,3,60,2024-05-06,Noroeste
613,Teclado,2,75,2025-03-25,Centro
614,Disco Duro,2,150,2024-10-14,Sur
615,USB,7,15,2024-06-30,Oeste
616,Impresora,8,250,2024-07-20,Sureste
617,Laptop,1,1200,2024-07-25,Este
618,Impresora,4,250,2024-10-09,Sureste
619,Router,8,100,2024-05-27,Oeste
620,Auriculares,2,60,2024-10-22,Noroeste
621,USB,1,15,2024-06-22,Centro
622,Auriculares,10,60,2025-04-01,Oeste
623,Mouse,3,25,2024-07-21,Norte
624,Router,2,100,2024-06-23,Este
625,Microfono,3,80,2024-12-31,Sureste
626,Auriculares,9,60,2025-02-26,Sureste
627,Impresora,4,250,2025-01-18,Noroeste
628,Mouse,9,25,2024-10-19,Norte
629,Mouse,6,25,2025-01-17,Centro
630,Router,9,100,2025-04-29,Oeste
631,Auriculares,8,60,2025-02-20,Este
632,Router,1,100,2025-04-28,Este
633,Router,8,100,2024-08-01,Norte
634,Altavoces,6,120,2025-03-25,Sureste
635,Auriculares,8,60,2024-08-30,Oeste
636,USB,10,15,2024-11-28,Sur
637,Microfono,9,80,2024-08-19,Oeste
638,Router,6,100,2024-05-09,Sur
639,Monitor,9,300,2024-07-26,Oeste
640,Router,10,100,2024-05-24,Este
641,Teclado,8,75,2024-12-22,Este
642,Mouse,5,25,2025-01-01,Noroeste
643,Altavoces,5,120,2024-06-04,Oeste
644,Microfono,1,80,2025-04-11,Sureste
645,USB,6,15,2025-02-04,Este
646,USB,9,15,2025-02-03,Norte
647,Teclado,6,75,2024-06-14,Norte
648,Webcam,2,50,2024-12-14,Centro
649,Mouse,8,25,2024-08-27,Sur
650,Laptop,7,1200,2025-01-23,Noroeste
651,Mouse,5,25,2024-11-24,Centro
652,Altavoces,1,120,2024-10-07,Oeste
653,Mouse,9,25,2025-03-04,Sureste
654,Microfono,5,80,2024-10-21,Centro
655,Webcam,9,50,2024-09-28,Noroeste
656,Altavoces,7,120,2024-05-04,Sureste
657,Monitor,6,300,2024-06-10,Este
658,Disco Duro,10,150,2024-11-03,Norte
659,USB,8,15,2024-08-11,Centro
660,Disco Duro,9,150,2024-12-04,Sur
661,USB,1,15,2024-09-19,Este
662,Teclado,1,75,2024-12-14,Sureste
663,Laptop,5,1200,2024-11-28,Oeste
664,Mouse,7,25,2024-08-04,Noroeste
665,Auriculares,3,60,2025-04-26,Noroeste
666,Laptop,10,1200,2024-11-19,Este
667,Laptop,9,1200,2024-11-27,Centro
668,Microfono,3,80,2024-11-21,Sur
669,Teclado,6,75,2024-08-06,Sureste
670,Microfono,10,80,2024-08-30,Noroeste
671,Teclado,6,75,2024-08-12,Este
672,Impresora,8,250,2024-09-30,Noroeste
673,Laptop,1,1200,2024-11-10,Centro
674,Disco Duro,2,150,2025-01-13,Noroeste
675,Microfono,4,80,2024-08-06,Noroeste
676,Laptop,6,1200,2025-04-30,Centro
677,Disco Duro,4,150,2024-07-19,Noroeste
678,Disco Duro,6,150,2024-09-04,Este
679,Altavoces,1,120,2025-04-11,Este
680,USB,3,15,2024-05-29,Este
681,Teclado,7,75,2024-12-07,Oeste
682,Mouse,4,25,2024-08-11,Sur
683,Router,3,100,2024-12-12,Sur
684,Mouse,8,25,2025-02-07,Este
685,Laptop,9,1200,2024-09-22,Este
686,Monitor,1,300,2024-10-17,Sur
687,Router,9,100,2024-11-26,Noroeste
688,Laptop,10,1200,2024-10-08,Sur
689,Mouse,10,25,2024-11-11,Norte
690,Disco Duro,9,150,2024-12-30,Norte
691,Laptop,10,1200,2024-10-14,Centro
692,USB,9,15,2024-05-17,Noroeste
693,Router,10,100,2024-09-14,Noroeste
694,Laptop,8,1200,2024-07-07,Sur
695,Auriculares,7,60,2024-05-14,Sur
696,Webcam,9,50,2025-03-12,Sur
697,Auriculares,2,60,2024-06-29,Centro
698,Webcam,9,50,2024-08-02,Sur
699,Altavoces,5,120,2024-05-31,Norte
700,Impresora,2,250,2025-03-06,Centro
701,Altavoces,4,120,2025-02-09,Noroeste
702,Altavoces,9,120,2024-08-05,Este
703,Router,6,100,2024-10-25,Este
704,Impresora,6,250,2024-11-19,Centro
705,Altavoces,2,120,2024-07-15,Centro
706,Mouse,2,25,2025-03-04,Noroeste
707,Teclado,5,75,2025-04-04,Noroeste
708,Auriculares,6,60,2025-03-31,Este
709,USB,6,15,2025-03-02,Este
710,USB,9,15,2025-01-10,Este
711,Router,4,100,2024-09-27,Noroeste
712,Altavoces,4,120,2025-03-21,Sureste
713,Auriculares,2,60,2024-07-16,Este
714,Teclado,9,75,2025-03-05,Este
715,Webcam,2,50,2025-04-24,Este
716,Router,7,100,2024-07-28,Norte
717,Teclado,5,75,2024-08-18,Noroeste
718,Altavoces,7,120,2024-07-21,Oeste
719,Laptop,2,1200,2025-03-13,Sureste
720,Microfono,5,80,2024-12-30,Norte
721,Laptop,3,1200,2024-05-17,Este
722,Monitor,10,300,2024-08-16,Sureste
723,Router,8,100,2025-01-16,Sureste
724,Monitor,10,300,2025-02-04,Noroeste
725,Impresora,7,250,2024-11-16,Norte
726,Teclado,6,75,2024-08-20,Este
727,Laptop,4,1200,2025-02-26,Norte
728,Teclado,1,75,2024-12-18,Sur
729,Monitor,1,300,2024-10-27,Este
730,Microfono,9,80,2025-02-24,Sureste
731,Teclado,3,75,2024-10-06,Oeste
732,Microfono,10,80,2024-05-30,Sureste
733,Teclado,10,75,2024-06-11,Este
734,Mouse,8,25,2025-03-22,Centro
735,Disco Duro,7,150,2025-03-28,Sureste
736,Teclado,9,75,2024-08-29,Sur
737,Disco Duro,5,150,2024-06-22,Norte
738,Mouse,1,25,2025-03-14,Sureste
739,Monitor,8,300,2024-11-06,Oeste
740,Impresora,6,250,2024-12-02,Oeste
741,Webcam,6,50,2024-05-25,Noroeste
742,Laptop,5,1200,2024-07-13,Norte
743,Router,8,100,2024-06-17,Centro
744,Monitor,4,300,2025-02-04,Este
745,Disco Duro,2,150,2024-05-06,Este
746,Microfono,5,80,2024-10-06,Centro
747,Microfono,4,80,2024-09-22,Norte
748,Laptop,9,1200,2025-02-19,Noroeste
749,Laptop,1,1200,2024-07-25,Noroeste
750,Impresora,7,250,2025-02-07,Sureste
751,USB,8,15,2025-01-22,Centro
752,Mouse,2,25,2025-01-30,Este
753,Teclado,8,75,2024-05-24,Oeste
754,Monitor,5,300,2024-05-19,Sur
755,Altavoces,5,120,2024-06-21,Sur
756,Altavoces,6,120,2025-04-30,Sur
757,Mouse,5,25,2024-10-30,Este
758,Auriculares,7,60,2025-03-31,Este
759,Router,6,100,2024-12-23,Noroeste
760,Disco Duro,3,150,2025-04-20,Noroeste
761,Webcam,9,50,2024-12-24,Noroeste
762,USB,4,15,2024-06-06,Este
763,Teclado,3,75,2024-08-05,Norte
764,Altavoces,7,120,2025-03-02,Sureste
765,Mouse,8,25,2024-11-22,Oeste
766,Router,2,100,2024-12-11,Centro
767,Impresora,9,250,2025-01-06,Noroeste
768,Altavoces,2,120,2024-05-27,Este
769,Auriculares,6,60,2025-03-01,Noroeste
770,USB,8,15,2024-05-07,Centro
771,Router,4,100,2024-06-02,Centro
772,USB,8,15,2024-09-26,Norte
773,Webcam,1,50,2024-11-02,Noroeste
774,Disco Duro,10,150,2024-08-13,Oeste
775,Microfono,4,80,2024-05-22,Norte
776,Monitor,10,300,2024-08-05,Oeste
777,Laptop,2,1200,2024-07-23,Noroeste
778,Teclado,7,75,2025-03-27,Sureste
779,Microfono,8,80,2025-02-01,Sureste
780,Router,10,100,2025-02-21,Oeste
781,Laptop,1,1200,2024-05-10,Norte
782,Microfono,10,80,2024-09-27,Este
783,Laptop,2,1200,2024-11-10,Centro
784,USB,2,15,2024-11-01,Oeste
785,Monitor,1,300,2024-07-18,Sur
786,Disco Duro,1,150,2024-08-25,Este
787,Router,8,100,2024-10-27,Norte
788,Webcam,3,50,2024-09-09,Sureste
789,Impresora,10,250,2025-01-13,Oeste
790,Mouse,8,25,2025-04-23,Sureste
791,Teclado,1,75,2024-09-23,Centro
792,Disco Duro,10,150,2025-04-01,Sur
793,Altavoces,10,120,2024-11-24,Norte
794,Disco Duro,8,150,2025-03-15,Centro
795,Mouse,10,25,2025-02-21,Sureste
796,Monitor,8,300,2024-05-12,Oeste
797,Laptop,5,1200,2024-08-26,Sureste
798,Microfono,7,80,2024-07-17,Oeste
799,Laptop,2,1200,2025-03-15,Norte
800,USB,7,15,2024-11-27,Sur
801,Monitor,1,300,2025-01-02,Sureste
802,Webcam,6,50,2024-08-28,Oeste
803,Router,1,100,2024-10-03,Este
804,Teclado,5,75,2025-04-27,Este
805,Disco Duro,9,150,2024-05-18,Sureste
806,Laptop,6,1200,2024-06-05,Este
807,Disco Duro,10,150,2024-06-19,Este
808,Altavoces,5,120,2025-02-24,Sur
809,Webcam,1,50,2024-12-05,Centro
810,Laptop,9,1200,2024-05-31,Centro
811,Altavoces,3,120,2024-08-17,Centro
812,Monitor,2,300,2024-07-15,Noroeste
813,Auriculares,10,60,2025-01-13,Este
814,Auriculares,2,60,2024-08-18,Sur
815,Monitor,7,300,2024-07-26,Sur
816,Router,7,100,2024-11-21,Noroeste
817,Altavoces,5,120,2024-11-18,Oeste
818,Microfono,4,80,2024-05-24,Noroeste
819,Monitor,5,300,2025-04-24,Sur
820,Altavoces,2,120,2024-06-17,Centro
821,Router,2,100,2025-04-13,Norte
822,Router,8,100,2024-07-15,Oeste
823,Webcam,9,50,2024-10-05,Centro
824,Altavoces,8,120,2025-02-25,Sur
825,Altavoces,6,120,2024-07-14,Oeste
826,Impresora,9,250,2024-11-27,Sureste
827,Laptop,9,1200,2025-01-07,Centro
828,Webcam,6,50,2024-12-02,Oeste
829,Disco Duro,6,150,2024-06-24,Norte
830,Router,2,100,2025-04-10,Noroeste
831,Monitor,6,300,2024-06-15,Oeste
832,Router,9,100,2025-03-13,Sureste
833,Altavoces,3,120,2024-12-31,Centro
834,Impresora,1,250,2024-05-27,Este
835,Impresora,1,250,2024-05-13,Este
836,Impresora,4,250,2025-02-07,Este
837,USB,4,15,2025-02-20,Noroeste
838,Webcam,3,50,2025-01-01,Oeste
839,Impresora,4,250,2025-04-22,Sur
840,Disco Duro,6,150,2025-03-01,Oeste
841,Teclado,7,75,2024-06-22,Noroeste
842,USB,8,15,2024-05-19,Norte
843,Impresora,9,250,2025-01-21,Sureste
844,Webcam,7,50,2024-08-27,Oeste
845,Microfono,5,80,2025-01-09,Sur
846,Laptop,2,1200,2024-11-13,Noroeste
847,Webcam,9,50,2024-10-24,Norte
848,Webcam,4,50,2024-05-17,Norte
849,Microfono,8,80,2025-04-21,Noroeste
850,Teclado,10,75,2024-12-14,Este
851,Router,2,100,2024-11-03,Norte
852,Impresora,7,250,2025-02-22,Sur
853,Auriculares,8,60,2024-12-23,Norte
854,USB,10,15,2024-12-29,Sureste
855,Altavoces,9,120,2024-11-15,Sur
856,Disco Duro,9,150,2024-09-20,Norte
857,Monitor,8,300,2024-06-10,Norte
858,Disco Duro,7,150,2025-01-19,Centro
859,Mouse,2,25,2024-07-26,Sur
860,Altavoces,7,120,2024-07-11,Sur
861,Auriculares,4,60,2025-04-29,Norte
862,Laptop,8,1200,2025-02-21,Sureste
863,Mouse,2,25,2024-11-05,Norte
864,Monitor,3,300,2024-06-29,Norte
865,Disco Duro,1,150,2024-05-10,Este
866,Laptop,1,1200,2024-10-29,Noroeste
867,Laptop,2,1200,2025-01-29,Oeste
868,Monitor,9,300,2024-08-29,Centro
869,Microfono,7,80,2025-01-23,Centro
870,Mouse,6,25,2025-01-27,Noroeste
871,Webcam,2,50,2025-01-27,Noroeste
872,Disco Duro,10,150,2025-04-07,Centro
873,Disco Duro,7,150,2025-04-04,Centro
874,Altavoces,7,120,2025-05-02,Norte
875,USB,4,15,2024-06-10,Norte
876,Teclado,2,75,2024-08-11,Sur
877,Router,8,100,2024-10-16,Norte
878,Disco Duro,7,150,2024-10-20,Este
879,Monitor,10,300,2025-03-19,Norte
880,Disco Duro,2,150,2024-05-20,Noroeste
881,USB,2,15,2024-08-13,Sureste
882,Mouse,5,25,2025-04-04,Este
883,Altavoces,6,120,2024-09-21,Este
884,Laptop,2,1200,2024-08-12,Centro
885,Webcam,6,50,2025-04-21,Norte
886,USB,4,15,2024-05-30,Sur
887,Webcam,7,50,2024-08-01,Centro
888,Microfono,6,80,2024-06-23,Noroeste
889,Laptop,10,1200,2025-04-16,Noroeste
890,Laptop,2,1200,2024-05-28,Centro
891,Webcam,1,50,2025-03-09,Noroeste
892,Monitor,8,300,2024-10-02,Oeste
893,Teclado,5,75,2024-08-17,Oeste
894,Altavoces,3,120,2024-11-24,Noroeste
895,Impresora,5,250,2024-08-17,Centro
896,Altavoces,2,120,2024-12-17,Centro
897,Laptop,9,1200,2024-06-26,Norte
898,USB,10,15,2025-02-18,Este
899,Router,4,100,2024-10-14,Norte
900,Disco Duro,3,150,2025-04-23,Norte
901,Mouse,7,25,2024-06-23,Este
902,Teclado,9,75,2025-02-03,Sur
903,Disco Duro,3,150,2024-09-12,Este
904,Teclado,6,75,2025-04-12,Centro
905,Microfono,1,80,2025-02-21,Noroeste
906,Webcam,8,50,2025-04-28,Centro
907,Mouse,7,25,2024-07-27,Norte
908,Teclado,5,75,2025-03-05,Oeste
909,Altavoces,5,120,2024-07-31,Oeste
910,Altavoces,4,120,2024-07-03,Sureste
911,Impresora,5,250,2025-02-28,Noroeste
912,Monitor,10,300,2024-11-17,Este
913,Auriculares,4,60,2024-10-03,Norte
914,Mouse,1,25,2024-10-30,Norte
915,Webcam,8,50,2024-09-20,Sureste
916,Webcam,8,50,2025-01-06,Oeste
917,Laptop,4,1200,2024-08-20,Centro
918,Teclado,2,75,2024-11-02,Oeste
919,Impresora,9,250,2025-03-10,Centro
920,Router,8,100,2024-08-24,Este
921,Impresora,10,250,2024-08-21,Noroeste
922,Altavoces,10,120,2025-04-22,Centro
923,Disco Duro,8,150,2025-02-12,Este
924,Auriculares,1,60,2024-11-05,Este
925,USB,1,15,2024-11-21,Este
926,Altavoces,10,120,2024-11-03,Este
927,Mouse,4,25,2024-07-17,Sur
928,Teclado,2,75,2024-10-19,Noroeste
929,Laptop,8,1200,2024-11-25,Norte
930,Microfono,4,80,2024-08-02,Sur
931,Disco Duro,8,150,2025-01-31,Noroeste
932,Disco Duro,1,150,2024-09-06,Noroeste
933,Mouse,5,25,2025-01-11,Este
934,Auriculares,3,60,2024-05-21,Norte
935,Router,5,100,2024-09-30,Oeste
936,Altavoces,8,120,2024-12-08,Centro
937,Auriculares,7,60,2024-06-28,Sureste
938,Altavoces,1,120,2024-12-11,Sur
939,USB,5,15,2024-12-14,Centro
940,USB,3,15,2024-08-29,Noroeste
941,Disco Duro,6,150,2024-09-10,Sureste
942,Altavoces,8,120,2024-11-16,Norte
943,Router,1,100,2025-04-30,Sureste
944,Laptop,9,1200,2025-04-04,Sur
945,Auriculares,10,60,2024-11-11,Este
946,Router,9,100,2024-10-23,Centro
947,USB,4,15,2025-03-27,Sureste
948,Microfono,10,80,2024-10-08,Este
949,Disco Duro,4,150,2024-06-01,Oeste
950,Monitor,9,300,2024-05-13,Norte
951,Disco Duro,3,150,2025-04-02,Noroeste
952,Webcam,5,50,2025-03-13,Este
953,Monitor,5,300,2025-04-19,Noroeste
954,Laptop,7,1200,2024-07-12,Noroeste
955,Altavoces,2,120,2024-10-15,Noroeste
956,Auriculares,6,60,2025-03-14,Sureste
957,Mouse,4,25,2025-03-06,Oeste
958,Impresora,3,250,2024-10-03,Sur
959,Webcam,9,50,2025-02-18,Sureste
960,Altavoces,2,120,2024-06-10,Centro
961,Impresora,2,250,2024-09-07,Sureste
962,Webcam,5,50,2024-05-18,Noroeste
963,Laptop,6,1200,2024-11-25,Noroeste
964,Monitor,6,300,2024-05-11,Noroeste
965,Microfono,8,80,2024-09-29,Oeste
966,Teclado,3,75,2025-04-08,Oeste
967,Auriculares,6,60,2025-03-18,Centro
968,Laptop,1,1200,2024-12-24,Noroeste
969,USB,1,15,2025-04-27,Centro
970,Impresora,7,250,2025-03-09,Sur
971,Auriculares,6,60,2024-06-23,Sureste
972,Auriculares,2,60,2024-07-28,Sureste
973,Laptop,8,1200,2024-12-24,Noroeste
974,Disco Duro,6,150,2025-03-08,Este
975,Laptop,10,1200,2024-05-17,Noroeste
976,Altavoces,4,120,2024-09-20,Oeste
977,Teclado,4,75,2024-10-13,Noroeste
978,Altavoces,10,120,2024-11-21,Centro
979,Impresora,10,250,2024-11-01,Sureste
980,Microfono,8,80,2024-05-18,Sureste
981,Microfono,2,80,2024-12-03,Sureste
982,Impresora,6,250,2025-03-15,Noroeste
983,Webcam,10,50,2024-10-22,Oeste
984,Disco Duro,6,150,2024-09-02,Centro
985,Microfono,10,80,2025-01-14,Centro
986,Impresora,4,250,2025-03-16,Sur
987,Microfono,6,80,2024-06-13,Oeste
988,Impresora,7,250,2025-03-04,Centro
989,Monitor,1,300,2024-12-23,Oeste
990,Webcam,7,50,2024-12-29,Noroeste
991,Laptop,6,1200,2024-05-08,Norte
992,Router,8,100,2025-04-14,Sureste
993,Router,10,100,2024-11-05,Norte
994,Mouse,5,25,2025-02-11,Norte
995,Router,9,100,2024-12-26,Norte
996,Teclado,2,75,2024-07-05,Este
997,Disco Duro,1,150,2024-12-06,Noroeste
998,Teclado,2,75,2024-08-01,Sureste
999,Laptop,8,1200,2024-05-13,Sureste
1000,Microfono,7,80,2025-03-01,Norte
